id,ux,uy,uz,rx,ry,rz,rfx,rfy,rfz,rmx,rmy,rmz
1,0,0,0,0,0,0,1125,-1805.3,2742.27,8926.18,3426.15,-188.997
2,-0.00031023,0.00328742,-4.57045e-06,-0.000980652,-4.90918e-05,4.1943e-05,0,-2.27374e-13,0,-1.36424e-12,1.13687e-12,6.82121e-13
3,-0.00031023,0.0034487,-3.34622e-06,-0.00101935,-4.90918e-05,4.1943e-05,5.45697e-12,9.09495e-13,0,0,4.54747e-13,5.68434e-13
4,0,0,0,0,0,0,1125,-1944.7,2007.73,9448.82,3426.15,-188.997
