id,ux,uy,uz,rx,ry,rz,rfx,rfy,rfz,rmx,rmy,rmz
1,0,0,0,7.1508e-05,-1.04689e-08,0.000139311,-10000.7,1424.67,7499.37,5.82077e-11,8.88178e-15,0
2,-6.79851e-08,-0.000352908,-2.74999e-07,6.87289e-05,-1.98533e-08,4.67279e-05,-1.13687e-13,9.09495e-12,-4.54747e-13,-2.05205e-11,1.24345e-14,-1.45519e-11
3,-6.78287e-08,-4.63186e-06,-6.95579e-11,2.77912e-06,-2.40033e-08,2.66329e-05,6.03961e-14,0,0,-5.45697e-12,3.55271e-15,-1.45519e-11
4,0,0,0,0,0,0,0.711654,-1424.67,0.632977,1.60071e-10,6.32977,-5753.32
