id,ux,uy,uz,rx,ry,rz,rfx,rfy,rfz,rmx,rmy,rmz
1,0,0,0,0,0,0,0,1000,0,-8000,0,1.02414e-12
2,0,-0.000282187,0,0.000126984,0,-2.62743e-20,0,0,0,1.81899e-12,0,0
3,0,-0.000902998,0,0.000169312,0,-5.25487e-20,0,-3.52429e-12,0,-9.09495e-13,0,3.27411e-13
4,0,-0.000902998,0,0.000169312,0,-5.25487e-20,0,-7.27596e-12,0,5.45697e-12,0,-3.69322e-13
5,0,-0.000282187,0,0.000126984,0,-2.62743e-20,0,3.63798e-12,0,-7.27596e-12,0,0
6,0,0,0,0,0,0,0,1000,0,-8000,0,1.02414e-12
