id,ux,uy,uz,rx,ry,rz,rfx,rfy,rfz,rmx,rmy,rmz
1,0,0,0,0,0,0,0,500,0,-4000,0,5.12072e-13
2,0,-0.000141093,0,6.34921e-05,0,-1.31372e-20,0,0,0,9.09495e-13,0,0
3,0,-0.000451499,0,8.46561e-05,0,-2.62743e-20,0,-1.76215e-12,0,-4.54747e-13,0,1.63705e-13
4,0,-0.000451499,0,8.46561e-05,0,-2.62743e-20,0,-3.63798e-12,0,2.72848e-12,0,-1.84661e-13
5,0,-0.000141093,0,6.34921e-05,0,-1.31372e-20,0,1.81899e-12,0,-3.63798e-12,0,0
6,0,0,0,0,0,0,0,500,0,-4000,0,5.12072e-13
